user_id,order_id,purchase_date,product,listed_price,paid_price
496,1,3/2/18,Sneakers,70,70
512,2,3/16/17,Tent,400,400
821,3,9/3/16,Shirt,50,43
264,4,4/10/17,Sneakers,70,70
574,5,6/23/18,Shirt,50,35
48,6,8/30/17,Jacket,80,68.8
973,7,6/30/17,Rope,20,20
967,8,4/28/18,Hat,20,16.6
807,9,6/22/18,Jacket,80,80
795,10,10/15/17,Pants,70,70
352,11,8/5/18,Jacket,80,70.4
72,12,4/24/18,Jacket,80,68
697,13,2/22/18,Jacket,80,80
527,14,3/2/18,Sneakers,70,70
681,15,3/15/18,Tent,400,400
919,16,1/10/17,Snacks,5,5
661,17,4/28/17,Tent,400,332
191,18,9/2/17,Jacket,80,80
471,19,6/13/18,Tent,400,400
878,20,12/16/17,Jacket,80,65.6
506,21,7/16/18,Shirt,50,42
410,22,3/18/18,Snacks,5,5
828,23,6/11/18,Snacks,5,5
843,24,9/1/17,Tent,400,324
794,25,3/30/17,Pants,70,70
694,26,11/27/16,Snacks,5,4.25
794,27,5/12/18,Snacks,5,5
276,28,5/12/17,Tent,400,296
652,29,9/18/17,Sneakers,70,70
226,30,3/17/18,Rope,20,20
205,31,5/23/17,Tent,400,312
10,32,1/15/17,Snacks,5,5
725,33,4/3/17,Hat,20,15.2
989,34,5/16/17,Pants,70,70
341,35,5/16/18,Pants,70,52.5
746,36,3/31/18,Pants,70,70
857,37,10/3/17,Jacket,80,69.6
291,38,7/18/18,Sneakers,70,70
345,39,7/31/18,Rope,20,14.6
704,40,12/9/17,Pants,70,53.9
459,41,4/22/18,Tent,400,400
276,42,3/31/18,Rope,20,14
160,43,12/10/17,Snacks,5,3.6
114,44,6/2/17,Tent,400,400
706,45,2/19/17,Sneakers,70,51.1
936,46,3/24/18,Rope,20,20
614,47,7/29/18,Snacks,5,4.2
480,48,8/25/17,Tent,400,400
238,49,12/11/17,Hat,20,17.6
538,50,3/11/18,Sneakers,70,55.3
313,51,4/6/17,Pants,70,70
19,52,2/21/18,Hat,20,20
603,53,11/9/17,Rope,20,20
992,54,7/22/17,Sneakers,70,49.7
373,55,4/21/18,Hat,20,20
316,56,9/7/16,Tent,400,288
485,57,3/23/18,Pants,70,70
602,58,7/27/18,Snacks,5,5
536,59,9/16/16,Sneakers,70,70
240,60,1/4/17,Hat,20,17
964,61,11/28/16,Pants,70,60.2
598,62,9/13/16,Rope,20,20
547,63,8/24/17,Rope,20,20
699,64,12/16/17,Rope,20,20
610,65,12/1/16,Jacket,80,60.8
892,66,4/15/18,Rope,20,20
510,67,4/11/18,Snacks,5,4.3
250,68,5/18/18,Sneakers,70,63
814,69,12/18/16,Jacket,80,67.2
983,70,9/26/17,Pants,70,70
820,71,7/20/17,Rope,20,20
391,72,7/14/18,Snacks,5,3.85
335,73,5/16/17,Sneakers,70,56.7
92,74,2/11/17,Pants,70,53.2
367,75,2/23/17,Rope,20,16
817,76,8/19/16,Rope,20,20
312,77,4/17/17,Snacks,5,4.15
598,78,11/13/16,Shirt,50,50
135,79,11/24/17,Sneakers,70,56
632,80,11/2/16,Shirt,50,50
585,81,8/7/18,Sneakers,70,52.5
122,82,12/10/17,Jacket,80,80
417,83,2/8/17,Pants,70,70
259,84,9/30/16,Shirt,50,50
869,85,6/30/18,Tent,400,400
513,86,12/25/16,Tent,400,400
693,87,10/27/17,Jacket,80,66.4
920,88,12/14/17,Jacket,80,80
400,89,6/28/17,Rope,20,16
608,90,4/3/18,Hat,20,20
463,91,11/6/17,Sneakers,70,70
666,92,11/18/16,Tent,400,400
838,93,12/16/16,Tent,400,280
918,94,3/20/18,Pants,70,70
358,95,7/4/18,Tent,400,348
32,96,6/8/18,Jacket,80,80
712,97,11/15/17,Tent,400,400
396,98,8/12/18,Shirt,50,42
494,99,4/23/17,Shirt,50,50
734,100,5/11/17,Tent,400,360
75,101,6/19/17,Hat,20,20
101,102,5/16/17,Sneakers,70,60.9
811,103,4/12/17,Jacket,80,80
637,104,6/7/18,Snacks,5,4.15
919,105,2/2/17,Snacks,5,5
178,106,12/13/16,Rope,20,20
671,107,5/14/18,Tent,400,348
870,108,6/7/18,Rope,20,20
257,109,4/2/18,Shirt,50,35.5
435,110,1/15/18,Sneakers,70,49
458,111,9/19/16,Pants,70,50.4
475,112,3/19/18,Snacks,5,3.8
12,113,3/20/17,Pants,70,54.6
980,114,11/22/16,Jacket,80,60
462,115,6/28/17,Rope,20,20
568,116,11/22/16,Hat,20,14.8
370,117,9/29/16,Pants,70,49
205,118,2/27/18,Snacks,5,5
269,119,1/3/18,Rope,20,17.8
124,120,8/29/16,Pants,70,70
120,121,5/4/17,Snacks,5,3.7
78,122,9/8/17,Rope,20,20
165,123,7/4/17,Jacket,80,80
363,124,5/21/18,Snacks,5,5
882,125,3/5/18,Pants,70,70
461,126,12/20/17,Tent,400,328
186,127,12/24/17,Pants,70,61.6
87,128,5/18/18,Sneakers,70,53.2
705,129,2/24/18,Snacks,5,5
351,130,10/5/16,Jacket,80,60.8
182,131,5/6/17,Hat,20,16.6
689,132,3/13/18,Pants,70,60.9
367,133,9/10/16,Pants,70,58.8
212,134,6/20/18,Pants,70,56
725,135,10/10/17,Tent,400,400
979,136,6/2/18,Jacket,80,71.2
572,137,3/16/18,Tent,400,400
804,138,10/31/16,Rope,20,20
134,139,5/8/18,Pants,70,60.9
413,140,4/15/17,Sneakers,70,58.1
179,141,7/16/17,Rope,20,20
573,142,8/30/16,Snacks,5,5
268,143,7/17/18,Sneakers,70,70
446,144,11/22/16,Shirt,50,42.5
359,145,6/30/18,Pants,70,59.5
537,146,6/12/18,Shirt,50,41
384,147,8/24/17,Hat,20,20
214,148,9/29/17,Tent,400,352
277,149,3/26/18,Pants,70,70
560,150,5/6/17,Pants,70,70
896,151,6/14/17,Tent,400,400
88,152,11/16/16,Snacks,5,5
430,153,8/28/17,Rope,20,20
352,154,6/16/17,Tent,400,400
782,155,2/8/17,Pants,70,53.9
188,156,9/22/17,Shirt,50,50
895,157,5/20/18,Shirt,50,50
170,158,12/30/16,Jacket,80,72
645,159,7/3/18,Snacks,5,5
869,160,6/10/17,Sneakers,70,70
875,161,1/25/18,Pants,70,70
935,162,8/7/18,Shirt,50,50
923,163,5/17/17,Hat,20,20
331,164,1/26/18,Snacks,5,5
232,165,6/24/18,Pants,70,51.1
226,166,8/31/17,Hat,20,20
848,167,3/1/18,Shirt,50,50
427,168,5/26/17,Sneakers,70,56.7
30,169,7/9/18,Jacket,80,56.8
682,170,2/15/17,Rope,20,16.4
15,171,4/22/17,Hat,20,20
422,172,8/8/18,Snacks,5,5
425,173,12/30/17,Hat,20,14.8
19,174,6/10/17,Shirt,50,50
844,175,5/24/17,Shirt,50,39.5
955,176,1/13/18,Sneakers,70,58.1
781,177,11/14/17,Hat,20,17.4
245,178,5/28/17,Pants,70,70
126,179,9/15/17,Shirt,50,50
915,180,9/27/16,Sneakers,70,70
960,181,2/15/18,Rope,20,15.8
518,182,6/30/17,Pants,70,70
219,183,10/25/16,Snacks,5,3.75
164,184,4/1/18,Tent,400,400
164,185,12/15/16,Tent,400,400
423,186,9/26/17,Tent,400,400
363,187,1/23/17,Shirt,50,35.5
183,188,12/2/17,Snacks,5,5
327,189,10/26/16,Hat,20,16.6
457,190,10/19/16,Tent,400,324
302,191,1/13/18,Shirt,50,50
751,192,1/23/17,Rope,20,16.6
376,193,12/25/17,Rope,20,15.6
746,194,10/6/17,Pants,70,70
488,195,11/22/16,Jacket,80,67.2
162,196,10/11/16,Shirt,50,39.5
732,197,3/9/18,Jacket,80,71.2
571,198,11/25/16,Tent,400,400
178,199,12/14/16,Shirt,50,50
95,200,4/12/17,Shirt,50,50
862,201,9/11/16,Rope,20,17.6
995,202,9/8/16,Pants,70,70
571,203,3/10/17,Snacks,5,5
349,204,8/8/17,Sneakers,70,70
685,205,2/5/17,Pants,70,62.3
351,206,3/13/17,Sneakers,70,70
79,207,8/31/16,Pants,70,60.9
904,208,7/20/18,Shirt,50,40
737,209,5/30/17,Rope,20,17.6
690,210,7/5/17,Tent,400,400
462,211,3/31/18,Pants,70,70
98,212,11/5/16,Tent,400,400
809,213,1/25/17,Tent,400,400
215,214,12/7/16,Pants,70,70
64,215,12/25/16,Rope,20,17.2
229,216,2/27/18,Rope,20,20
803,217,5/15/17,Tent,400,348
221,218,1/22/18,Snacks,5,3.65
28,219,1/29/17,Shirt,50,37.5
784,220,5/14/17,Pants,70,70
345,221,6/23/18,Pants,70,70
137,222,6/12/18,Jacket,80,80
708,223,9/21/17,Snacks,5,4.4
37,224,9/24/16,Tent,400,400
438,225,8/29/17,Tent,400,400
270,226,11/6/17,Jacket,80,80
867,227,5/30/17,Snacks,5,4.15
955,228,3/30/18,Tent,400,340
182,229,12/30/16,Rope,20,15
822,230,7/18/18,Jacket,80,80
216,231,10/31/17,Sneakers,70,70
57,232,3/29/17,Snacks,5,5
976,233,10/27/17,Jacket,80,66.4
751,234,1/9/18,Shirt,50,50
490,235,1/21/17,Rope,20,16.2
505,236,8/22/17,Pants,70,60.9
652,237,3/18/18,Rope,20,17.8
709,238,8/4/18,Tent,400,400
723,239,2/6/17,Hat,20,20
376,240,5/26/17,Shirt,50,42
924,241,10/29/16,Pants,70,60.9
877,242,8/1/18,Rope,20,20
112,243,5/12/17,Jacket,80,80
681,244,7/13/18,Sneakers,70,54.6
744,245,10/30/16,Hat,20,17.8
284,246,9/10/16,Tent,400,400
197,247,3/6/17,Pants,70,56
144,248,9/5/16,Sneakers,70,51.1
63,249,7/12/18,Hat,20,20
876,250,6/17/17,Shirt,50,50
991,251,5/18/17,Jacket,80,80
635,252,2/2/17,Shirt,50,50
571,253,12/23/16,Rope,20,20
631,254,10/16/17,Jacket,80,72
425,255,10/7/17,Jacket,80,64.8
784,256,7/2/18,Pants,70,61.6
52,257,3/3/18,Pants,70,60.2
775,258,2/28/17,Hat,20,20
586,259,12/26/17,Rope,20,20
258,260,3/10/18,Hat,20,16.2
7,261,5/17/17,Hat,20,16.4
918,262,8/26/16,Shirt,50,41.5
624,263,5/19/18,Snacks,5,3.95
41,264,9/14/16,Pants,70,70
772,265,9/26/17,Shirt,50,36
784,266,7/9/17,Hat,20,20
913,267,5/3/18,Jacket,80,67.2
771,268,3/2/18,Rope,20,14.2
554,269,7/3/17,Tent,400,400
81,270,1/26/17,Pants,70,70
776,271,8/24/17,Rope,20,15
888,272,3/9/18,Hat,20,16.2
442,273,4/6/17,Jacket,80,71.2
928,274,5/30/17,Pants,70,49
907,275,7/19/18,Sneakers,70,70
459,276,6/24/17,Hat,20,15.6
158,277,11/12/17,Tent,400,360
143,278,4/1/18,Shirt,50,37.5
56,279,5/27/17,Sneakers,70,70
478,280,7/11/18,Tent,400,284
481,281,11/8/16,Shirt,50,43.5
964,282,4/24/17,Tent,400,332
61,283,1/26/18,Pants,70,70
660,284,8/9/17,Sneakers,70,70
214,285,5/4/18,Jacket,80,80
886,286,4/2/18,Shirt,50,50
779,287,1/4/17,Hat,20,16.4
550,288,5/24/17,Rope,20,20
220,289,8/5/18,Tent,400,400
100,290,9/30/16,Rope,20,20
817,291,10/21/16,Hat,20,14.6
366,292,7/12/17,Hat,20,17.4
632,293,7/28/18,Jacket,80,80
7,294,7/14/18,Sneakers,70,70
466,295,5/27/17,Pants,70,70
806,296,8/22/17,Hat,20,20
214,297,3/25/17,Sneakers,70,70
604,298,12/30/17,Tent,400,400
55,299,2/15/17,Pants,70,57.4
661,300,6/17/17,Rope,20,20
658,301,1/23/18,Pants,70,70
407,302,1/29/18,Tent,400,344
581,303,3/10/18,Snacks,5,3.85
839,304,5/10/17,Jacket,80,80
209,305,10/6/16,Rope,20,14.2
17,306,8/3/17,Rope,20,20
905,307,12/26/17,Jacket,80,80
908,308,5/2/18,Jacket,80,80
955,309,1/18/18,Hat,20,20
480,310,7/17/17,Shirt,50,50
923,311,1/11/18,Hat,20,15
507,312,8/24/17,Shirt,50,35
479,313,10/30/16,Snacks,5,4.45
662,314,8/26/17,Tent,400,340
460,315,10/14/16,Shirt,50,50
848,316,9/20/17,Jacket,80,80
184,317,5/10/17,Sneakers,70,59.5
323,318,5/17/17,Snacks,5,3.65
787,319,8/6/17,Pants,70,51.8
201,320,11/27/17,Hat,20,16.8
808,321,10/20/16,Tent,400,316
22,322,5/27/17,Pants,70,53.9
635,323,8/15/17,Jacket,80,67.2
316,324,3/29/18,Pants,70,70
847,325,11/28/17,Snacks,5,3.95
124,326,10/8/17,Sneakers,70,70
204,327,10/4/16,Hat,20,20
44,328,7/21/18,Hat,20,20
703,329,7/15/18,Snacks,5,5
810,330,5/3/18,Jacket,80,80
898,331,12/16/16,Tent,400,400
80,332,3/10/17,Pants,70,70
411,333,8/29/17,Rope,20,18
969,334,4/3/17,Sneakers,70,53.9
495,335,12/21/17,Pants,70,57.4
150,336,11/4/16,Sneakers,70,62.3
687,337,10/7/17,Shirt,50,50
367,338,11/28/17,Pants,70,53.2
392,339,3/23/17,Rope,20,17.8
980,340,11/18/17,Jacket,80,80
699,341,3/9/18,Shirt,50,40.5
862,342,8/10/17,Jacket,80,58.4
266,343,11/28/17,Jacket,80,80
624,344,5/22/18,Tent,400,304
167,345,3/2/18,Pants,70,70
721,346,5/7/17,Rope,20,20
972,347,11/17/17,Jacket,80,80
649,348,6/10/17,Sneakers,70,50.4
348,349,3/8/17,Tent,400,324
165,350,4/24/17,Hat,20,14.8
575,351,4/15/17,Pants,70,70
507,352,12/15/16,Shirt,50,38
993,353,7/23/17,Rope,20,17
63,354,4/23/18,Rope,20,20
931,355,5/17/17,Sneakers,70,70
74,356,5/8/17,Pants,70,59.5
345,357,8/8/18,Pants,70,70
557,358,7/4/17,Shirt,50,50
208,359,12/31/17,Shirt,50,44.5
882,360,10/15/17,Jacket,80,80
357,361,6/19/17,Snacks,5,3.95
164,362,3/29/17,Snacks,5,5
562,363,4/15/18,Snacks,5,5
92,364,6/19/17,Tent,400,324
947,365,5/26/17,Snacks,5,4.4
531,366,9/4/16,Tent,400,308
998,367,6/29/17,Jacket,80,59.2
137,368,12/31/17,Sneakers,70,70
820,369,3/27/18,Tent,400,332
233,370,9/12/16,Tent,400,348
892,371,3/11/18,Snacks,5,5
176,372,10/31/16,Jacket,80,80
994,373,2/14/17,Shirt,50,50
13,374,8/30/17,Sneakers,70,49.7
759,375,7/31/17,Pants,70,51.8
571,376,10/8/16,Sneakers,70,70
890,377,5/4/18,Snacks,5,5
623,378,10/21/17,Shirt,50,42
459,379,11/30/16,Snacks,5,5
798,380,9/4/16,Tent,400,300
873,381,1/22/17,Shirt,50,50
700,382,11/8/16,Pants,70,70
156,383,8/11/18,Pants,70,70
331,384,12/19/16,Shirt,50,50
555,385,5/7/18,Jacket,80,70.4
172,386,5/17/18,Shirt,50,50
388,387,5/19/17,Jacket,80,80
463,388,10/17/16,Hat,20,20
598,389,9/3/17,Hat,20,20
313,390,10/20/17,Jacket,80,80
413,391,3/2/18,Hat,20,20
790,392,2/1/17,Snacks,5,3.5
589,393,2/22/17,Tent,400,320
671,394,7/4/17,Hat,20,16.6
652,395,10/17/16,Jacket,80,66.4
827,396,2/27/18,Hat,20,20
640,397,12/28/17,Jacket,80,80
626,398,4/21/18,Sneakers,70,55.3
106,399,3/23/18,Sneakers,70,70
135,400,4/10/18,Rope,20,17.6
57,401,11/11/16,Jacket,80,80
497,402,6/5/18,Pants,70,70
514,403,8/30/16,Rope,20,20
434,404,3/6/18,Shirt,50,50
397,405,10/13/16,Rope,20,20
314,406,11/7/17,Hat,20,20
824,407,8/13/18,Shirt,50,35.5
463,408,7/6/18,Shirt,50,43.5
876,409,11/24/16,Snacks,5,5
380,410,6/2/18,Snacks,5,3.9
891,411,8/1/18,Snacks,5,4.45
202,412,1/4/18,Shirt,50,43.5
411,413,11/10/16,Pants,70,70
97,414,6/23/18,Snacks,5,3.5
162,415,9/19/16,Snacks,5,5
765,416,9/24/17,Pants,70,70
973,417,3/24/18,Tent,400,316
20,418,2/25/18,Sneakers,70,60.9
212,419,3/15/17,Tent,400,344
732,420,10/26/16,Hat,20,20
461,421,11/6/17,Hat,20,20
424,422,3/15/17,Rope,20,20
114,423,2/5/17,Rope,20,17.4
531,424,1/18/18,Jacket,80,80
516,425,11/6/16,Jacket,80,63.2
823,426,6/22/17,Rope,20,15.2
774,427,8/26/16,Tent,400,400
919,428,8/18/16,Snacks,5,3.9
215,429,2/17/17,Shirt,50,42.5
900,430,5/19/17,Sneakers,70,49.7
461,431,8/27/17,Pants,70,53.9
677,432,11/20/16,Hat,20,20
3,433,11/26/16,Tent,400,400
387,434,7/29/17,Hat,20,20
872,435,5/10/18,Tent,400,400
428,436,6/15/18,Jacket,80,80
977,437,1/19/17,Shirt,50,50
124,438,12/18/16,Tent,400,400
472,439,5/8/18,Pants,70,55.3
906,440,1/10/17,Pants,70,51.8
643,441,9/22/17,Pants,70,70
429,442,7/27/17,Jacket,80,64
348,443,4/29/18,Tent,400,400
589,444,2/9/17,Pants,70,70
136,445,9/5/17,Tent,400,400
312,446,7/15/17,Jacket,80,60
595,447,8/23/16,Jacket,80,68
242,448,1/15/18,Pants,70,61.6
188,449,3/31/18,Shirt,50,50
663,450,5/18/17,Shirt,50,36
616,451,12/11/16,Pants,70,59.5
445,452,11/29/17,Shirt,50,50
797,453,6/29/17,Snacks,5,5
969,454,11/21/17,Pants,70,70
346,455,6/6/17,Pants,70,70
208,456,9/17/16,Rope,20,15.2
330,457,9/20/17,Tent,400,400
55,458,7/26/18,Hat,20,16
512,459,4/6/17,Sneakers,70,51.1
526,460,12/6/17,Hat,20,15.6
376,461,4/15/17,Pants,70,51.8
115,462,9/17/16,Snacks,5,5
267,463,10/17/17,Jacket,80,59.2
894,464,12/8/16,Pants,70,70
216,465,9/1/16,Sneakers,70,70
507,466,5/12/17,Tent,400,400
351,467,3/25/18,Shirt,50,50
585,468,6/25/18,Pants,70,70
349,469,7/23/18,Jacket,80,80
398,470,10/18/16,Snacks,5,4.3
79,471,12/6/17,Pants,70,70
915,472,2/1/17,Pants,70,70
387,473,2/6/17,Snacks,5,5
491,474,5/19/17,Hat,20,14
939,475,5/10/18,Hat,20,20
592,476,10/4/17,Hat,20,14.2
5,477,1/22/18,Pants,70,59.5
39,478,7/27/17,Sneakers,70,55.3
788,479,9/13/17,Tent,400,400
11,480,8/29/17,Sneakers,70,70
192,481,8/24/16,Pants,70,54.6
737,482,7/5/18,Jacket,80,59.2
85,483,10/11/16,Shirt,50,50
397,484,4/24/18,Pants,70,53.2
157,485,2/8/17,Sneakers,70,70
484,486,5/27/17,Snacks,5,5
711,487,10/25/17,Rope,20,16.6
447,488,7/29/18,Rope,20,20
522,489,11/16/16,Sneakers,70,70
734,490,9/18/17,Hat,20,20
353,491,12/4/16,Pants,70,70
736,492,1/5/18,Pants,70,54.6
779,493,3/16/17,Jacket,80,80
958,494,10/16/16,Jacket,80,62.4
203,495,12/10/16,Snacks,5,4
713,496,7/10/17,Jacket,80,65.6
598,497,7/14/17,Tent,400,320
947,498,7/17/18,Snacks,5,4.25
306,499,6/17/18,Sneakers,70,70
533,500,6/24/17,Hat,20,16.2
896,501,12/13/17,Sneakers,70,49.7
814,502,4/12/18,Snacks,5,5
433,503,11/21/17,Sneakers,70,61.6
893,504,6/21/17,Sneakers,70,58.8
842,505,4/26/18,Snacks,5,5
855,506,9/17/16,Pants,70,70
52,507,8/27/16,Tent,400,400
538,508,1/13/17,Sneakers,70,70
501,509,4/8/17,Sneakers,70,60.9
467,510,4/19/17,Sneakers,70,70
132,511,2/7/17,Hat,20,14.6
453,512,3/31/18,Shirt,50,50
245,513,7/13/17,Pants,70,70
16,514,6/11/18,Tent,400,360
918,515,5/31/17,Hat,20,17.4
911,516,3/29/17,Jacket,80,61.6
722,517,7/30/17,Sneakers,70,55.3
210,518,8/9/18,Rope,20,17.8
63,519,2/14/17,Sneakers,70,70
670,520,10/30/17,Jacket,80,70.4
945,521,3/13/17,Tent,400,344
92,522,6/23/17,Shirt,50,50
891,523,4/24/17,Pants,70,70
158,524,4/12/17,Shirt,50,50
95,525,12/3/16,Jacket,80,80
176,526,4/27/18,Hat,20,20
504,527,6/18/17,Snacks,5,5
261,528,8/26/16,Tent,400,400
398,529,3/17/17,Hat,20,15.4
830,530,4/15/17,Jacket,80,62.4
846,531,9/24/16,Sneakers,70,56
182,532,4/28/17,Shirt,50,50
583,533,11/5/16,Snacks,5,3.75
422,534,8/23/16,Tent,400,308
2,535,11/6/16,Tent,400,400
45,536,9/2/17,Sneakers,70,51.1
862,537,8/31/17,Snacks,5,3.5
721,538,5/14/18,Rope,20,20
529,539,11/19/16,Sneakers,70,51.8
721,540,10/22/16,Shirt,50,50
72,541,9/5/17,Shirt,50,50
653,542,11/13/16,Jacket,80,58.4
371,543,12/20/16,Pants,70,70
681,544,5/10/17,Shirt,50,50
420,545,10/24/16,Sneakers,70,70
702,546,11/25/17,Rope,20,17.4
574,547,10/2/16,Rope,20,15.4
642,548,5/28/17,Hat,20,20
617,549,9/3/16,Jacket,80,80
290,550,9/5/16,Snacks,5,4.45
915,551,10/29/17,Jacket,80,80
441,552,6/16/17,Rope,20,17.2
332,553,5/29/18,Jacket,80,72
220,554,2/28/17,Shirt,50,50
930,555,9/3/17,Jacket,80,80
265,556,4/14/18,Jacket,80,66.4
810,557,7/31/17,Sneakers,70,70
879,558,11/9/16,Rope,20,20
397,559,6/23/18,Jacket,80,80
476,560,12/16/16,Hat,20,17.8
655,561,5/17/17,Rope,20,17
248,562,6/24/18,Hat,20,20
473,563,7/15/18,Shirt,50,50
290,564,7/12/18,Snacks,5,5
704,565,11/22/16,Tent,400,400
975,566,3/4/17,Pants,70,58.8
87,567,9/18/16,Rope,20,14.2
183,568,10/14/17,Snacks,5,3.75
62,569,6/11/18,Pants,70,50.4
352,570,8/20/16,Pants,70,70
408,571,11/30/16,Rope,20,16
839,572,9/23/16,Jacket,80,80
415,573,4/29/17,Snacks,5,5
64,574,1/31/17,Rope,20,20
784,575,5/5/17,Rope,20,15
147,576,5/11/18,Jacket,80,80
918,577,1/13/18,Sneakers,70,70
245,578,8/22/16,Jacket,80,64.8
723,579,10/7/16,Jacket,80,64
688,580,5/29/17,Tent,400,400
570,581,4/20/18,Shirt,50,50
157,582,5/2/17,Rope,20,14.4
597,583,1/17/17,Rope,20,15.4
466,584,1/18/18,Hat,20,17
384,585,12/11/17,Shirt,50,38.5
893,586,2/11/17,Hat,20,20
626,587,12/13/17,Snacks,5,4.15
651,588,1/9/17,Jacket,80,67.2
672,589,7/23/17,Snacks,5,5
157,590,10/13/17,Shirt,50,50
179,591,3/21/18,Sneakers,70,60.9
965,592,4/26/17,Tent,400,400
688,593,12/9/16,Snacks,5,4.2
450,594,6/9/18,Jacket,80,63.2
237,595,4/11/17,Hat,20,20
188,596,8/31/17,Tent,400,292
524,597,11/13/17,Rope,20,20
486,598,1/21/18,Rope,20,20
471,599,8/24/17,Rope,20,20
90,600,11/8/16,Rope,20,14.8
418,601,5/23/17,Rope,20,20
998,602,7/28/17,Rope,20,20
368,603,6/9/17,Shirt,50,50
189,604,12/30/16,Jacket,80,80
904,605,4/2/17,Pants,70,60.2
750,606,1/27/17,Snacks,5,3.65
396,607,9/20/17,Rope,20,20
336,608,2/12/18,Tent,400,400
53,609,2/6/18,Tent,400,400
319,610,9/15/17,Shirt,50,35.5
398,611,5/12/18,Snacks,5,5
697,612,4/25/17,Rope,20,20
923,613,9/8/16,Rope,20,15.8
48,614,12/7/16,Shirt,50,36.5
369,615,12/20/17,Shirt,50,50
224,616,1/28/18,Shirt,50,50
276,617,5/11/18,Sneakers,70,60.2
136,618,2/28/18,Rope,20,14.6
759,619,9/24/16,Sneakers,70,59.5
754,620,11/7/17,Tent,400,400
0,621,12/22/17,Snacks,5,5
511,622,10/28/17,Rope,20,16
637,623,11/1/17,Snacks,5,5
850,624,3/31/17,Rope,20,20
693,625,9/29/17,Pants,70,70
86,626,10/3/16,Jacket,80,63.2
923,627,3/21/18,Sneakers,70,70
326,628,12/29/17,Hat,20,14.2
699,629,8/11/17,Rope,20,14.2
970,630,10/31/16,Snacks,5,3.65
859,631,3/8/18,Rope,20,15.8
271,632,2/11/17,Pants,70,50.4
460,633,6/6/18,Rope,20,20
353,634,11/30/16,Sneakers,70,70
223,635,9/20/17,Rope,20,15
891,636,5/24/18,Sneakers,70,70
895,637,11/13/17,Shirt,50,50
153,638,9/4/17,Hat,20,20
484,639,8/25/17,Pants,70,55.3
991,640,8/1/18,Sneakers,70,70
312,641,9/15/16,Pants,70,70
340,642,6/7/17,Snacks,5,3.95
127,643,1/11/17,Jacket,80,61.6
702,644,1/23/18,Pants,70,49
401,645,12/21/16,Shirt,50,50
852,646,2/14/17,Hat,20,20
594,647,12/10/17,Tent,400,400
608,648,3/23/17,Hat,20,17.8
200,649,10/8/17,Tent,400,400
382,650,7/3/17,Rope,20,15.8
16,651,8/22/16,Pants,70,53.2
886,652,7/12/18,Shirt,50,35.5
657,653,6/7/18,Rope,20,20
233,654,5/11/18,Sneakers,70,70
233,655,5/10/18,Snacks,5,4.2
133,656,1/2/18,Tent,400,400
651,657,9/16/16,Jacket,80,68
125,658,3/11/17,Shirt,50,39
49,659,6/29/17,Rope,20,20
423,660,10/24/16,Hat,20,20
648,661,5/26/17,Jacket,80,56
52,662,9/19/16,Jacket,80,80
202,663,1/11/17,Shirt,50,50
881,664,12/18/16,Sneakers,70,70
693,665,12/21/16,Hat,20,17.6
256,666,7/11/17,Tent,400,400
116,667,9/22/16,Sneakers,70,70
184,668,7/8/18,Hat,20,20
346,669,1/18/17,Sneakers,70,70
555,670,12/4/17,Hat,20,14.4
604,671,1/10/18,Shirt,50,39.5
558,672,8/21/16,Tent,400,400
914,673,4/10/17,Jacket,80,57.6
333,674,2/23/17,Tent,400,400
339,675,5/4/18,Jacket,80,80
34,676,5/31/18,Jacket,80,80
393,677,2/14/18,Rope,20,16.2
285,678,6/28/17,Snacks,5,4.05
447,679,1/3/17,Snacks,5,5
358,680,1/22/17,Snacks,5,4
595,681,8/20/16,Rope,20,20
51,682,11/11/16,Shirt,50,50
425,683,5/10/18,Tent,400,400
446,684,7/14/17,Jacket,80,80
26,685,3/19/17,Pants,70,70
943,686,12/20/17,Sneakers,70,70
432,687,5/9/17,Snacks,5,4
803,688,6/25/18,Sneakers,70,70
329,689,7/26/18,Snacks,5,5
258,690,10/21/17,Sneakers,70,53.2
403,691,12/9/17,Rope,20,20
31,692,5/7/18,Hat,20,16.4
860,693,4/9/18,Hat,20,16
825,694,8/13/18,Shirt,50,50
155,695,3/18/18,Rope,20,20
496,696,5/25/18,Rope,20,20
702,697,2/10/17,Shirt,50,39
498,698,12/5/17,Snacks,5,5
867,699,12/1/17,Sneakers,70,53.2
2,700,3/9/18,Sneakers,70,54.6
319,701,9/18/17,Snacks,5,4.05
601,702,10/3/17,Pants,70,51.1
373,703,2/5/18,Snacks,5,3.85
752,704,11/30/17,Shirt,50,43.5
759,705,2/24/17,Jacket,80,80
327,706,11/13/16,Tent,400,400
0,707,3/5/18,Rope,20,14.2
392,708,3/19/17,Snacks,5,5
987,709,1/17/18,Tent,400,400
824,710,8/23/16,Hat,20,20
18,711,6/13/18,Shirt,50,50
886,712,4/18/18,Sneakers,70,49.7
804,713,12/6/17,Shirt,50,37
84,714,9/7/16,Jacket,80,64.8
749,715,4/20/17,Hat,20,20
854,716,4/2/18,Jacket,80,62.4
12,717,10/20/16,Hat,20,16.6
784,718,8/5/17,Jacket,80,80
729,719,9/2/16,Sneakers,70,53.9
151,720,12/31/17,Snacks,5,5
69,721,12/8/16,Tent,400,400
644,722,8/7/17,Rope,20,14
40,723,12/1/16,Hat,20,20
280,724,10/14/16,Snacks,5,4.3
435,725,3/7/18,Snacks,5,5
803,726,8/17/17,Shirt,50,50
419,727,4/17/17,Pants,70,55.3
174,728,3/22/18,Sneakers,70,58.1
142,729,1/28/17,Rope,20,20
680,730,7/11/17,Rope,20,16
86,731,1/7/18,Rope,20,16.6
29,732,9/13/17,Rope,20,20
707,733,5/2/18,Sneakers,70,49.7
918,734,5/17/17,Snacks,5,3.95
285,735,10/4/16,Hat,20,17.8
378,736,1/30/18,Hat,20,20
6,737,4/5/17,Shirt,50,50
321,738,1/29/18,Hat,20,20
229,739,11/21/16,Snacks,5,3.5
512,740,10/27/16,Sneakers,70,70
140,741,1/28/17,Sneakers,70,70
297,742,11/26/16,Tent,400,400
549,743,8/17/16,Rope,20,15
275,744,6/4/18,Pants,70,70
674,745,10/5/17,Pants,70,70
674,746,11/22/17,Shirt,50,50
101,747,4/21/18,Pants,70,70
540,748,3/13/17,Shirt,50,40.5
564,749,3/15/18,Tent,400,400
526,750,4/9/17,Hat,20,20
197,751,12/22/17,Snacks,5,4.25
270,752,9/27/17,Hat,20,20
432,753,6/10/17,Sneakers,70,70
50,754,1/26/18,Jacket,80,80
881,755,6/26/17,Jacket,80,68.8
430,756,1/13/18,Shirt,50,50
682,757,9/12/16,Tent,400,304
563,758,6/18/18,Snacks,5,4.3
802,759,5/17/17,Pants,70,70
175,760,4/20/17,Snacks,5,5
826,761,12/11/16,Sneakers,70,60.2
254,762,1/26/18,Sneakers,70,70
214,763,5/24/17,Tent,400,400
599,764,1/15/18,Snacks,5,3.85
907,765,7/9/17,Tent,400,400
617,766,6/21/17,Pants,70,49
537,767,10/28/17,Pants,70,70
85,768,12/21/16,Hat,20,20
915,769,1/18/17,Hat,20,20
854,770,10/21/17,Sneakers,70,70
438,771,4/17/18,Tent,400,400
0,772,6/5/17,Hat,20,16.8
953,773,10/11/16,Tent,400,400
501,774,11/17/17,Sneakers,70,70
399,775,5/2/18,Jacket,80,70.4
734,776,8/26/16,Jacket,80,80
80,777,1/7/18,Jacket,80,65.6
189,778,1/13/18,Shirt,50,38.5
355,779,10/30/17,Shirt,50,45
86,780,8/6/17,Jacket,80,63.2
535,781,1/19/18,Pants,70,54.6
287,782,3/30/18,Tent,400,400
708,783,6/9/17,Shirt,50,50
953,784,7/5/17,Jacket,80,80
565,785,5/30/18,Pants,70,70
527,786,11/23/17,Hat,20,20
593,787,10/28/16,Jacket,80,80
150,788,1/21/17,Hat,20,14.8
27,789,12/20/17,Pants,70,51.8
610,790,7/14/18,Jacket,80,70.4
869,791,1/27/18,Rope,20,15.2
754,792,6/27/17,Tent,400,400
58,793,11/29/17,Jacket,80,72
800,794,11/10/17,Shirt,50,50
370,795,1/31/17,Tent,400,400
971,796,9/10/17,Hat,20,16.6
557,797,7/17/17,Rope,20,20
80,798,2/26/17,Tent,400,316
973,799,2/6/17,Pants,70,49.7
22,800,6/12/17,Sneakers,70,60.2
750,801,12/15/17,Snacks,5,5
978,802,10/30/16,Sneakers,70,63
469,803,7/14/18,Snacks,5,5
853,804,3/23/17,Shirt,50,38
967,805,4/29/17,Pants,70,70
601,806,8/31/16,Rope,20,20
381,807,9/23/16,Sneakers,70,70
25,808,1/27/17,Shirt,50,37.5
999,809,9/17/17,Shirt,50,37.5
907,810,2/27/18,Tent,400,356
446,811,2/23/17,Snacks,5,5
311,812,12/30/16,Jacket,80,80
35,813,3/3/18,Pants,70,51.1
265,814,7/27/17,Snacks,5,5
254,815,1/16/17,Sneakers,70,56
641,816,7/23/17,Tent,400,360
194,817,3/5/17,Pants,70,52.5
155,818,6/27/18,Jacket,80,72
709,819,11/18/16,Pants,70,70
991,820,6/27/18,Tent,400,400
568,821,7/9/18,Jacket,80,80
285,822,8/20/16,Tent,400,400
778,823,6/9/18,Pants,70,60.9
122,824,3/13/17,Hat,20,20
102,825,6/24/18,Shirt,50,43.5
571,826,1/9/18,Pants,70,70
629,827,5/6/18,Rope,20,17
503,828,2/9/18,Hat,20,20
56,829,10/28/16,Pants,70,70
560,830,5/23/17,Snacks,5,5
572,831,2/25/17,Sneakers,70,70
760,832,2/23/17,Snacks,5,3.6
55,833,7/9/17,Rope,20,15.8
431,834,4/12/17,Tent,400,308
322,835,6/19/18,Snacks,5,5
434,836,8/12/18,Rope,20,16.8
881,837,1/16/18,Rope,20,17.6
910,838,11/8/16,Rope,20,20
704,839,1/18/18,Jacket,80,80
390,840,5/29/17,Tent,400,400
793,841,5/8/18,Pants,70,70
420,842,11/12/16,Snacks,5,5
688,843,4/28/18,Pants,70,70
693,844,3/6/17,Jacket,80,68.8
358,845,3/21/17,Hat,20,20
773,846,9/15/16,Jacket,80,80
250,847,10/5/16,Snacks,5,3.95
443,848,1/11/18,Tent,400,400
115,849,3/1/18,Rope,20,20
330,850,3/9/17,Hat,20,20
121,851,7/26/18,Hat,20,14.4
990,852,2/12/17,Rope,20,17
111,853,3/28/17,Shirt,50,43
874,854,11/18/17,Snacks,5,5
262,855,6/10/17,Snacks,5,5
168,856,5/11/18,Jacket,80,68
349,857,10/12/17,Pants,70,70
201,858,8/17/16,Shirt,50,41.5
500,859,11/15/16,Rope,20,20
626,860,4/22/17,Jacket,80,80
377,861,3/11/17,Shirt,50,50
243,862,6/5/18,Hat,20,14.8
746,863,7/18/17,Sneakers,70,70
133,864,9/21/16,Tent,400,320
673,865,11/21/16,Tent,400,332
649,866,11/28/16,Rope,20,20
807,867,3/4/17,Pants,70,56.7
305,868,5/9/17,Tent,400,400
87,869,1/26/18,Shirt,50,44
930,870,5/12/17,Jacket,80,60
872,871,2/24/17,Rope,20,20
636,872,2/26/18,Shirt,50,50
425,873,9/16/16,Pants,70,62.3
479,874,10/17/17,Sneakers,70,60.2
216,875,6/6/17,Snacks,5,3.9
6,876,9/19/17,Pants,70,70
46,877,9/22/17,Jacket,80,64
506,878,4/15/17,Rope,20,16.2
634,879,1/21/18,Tent,400,400
173,880,4/4/18,Shirt,50,50
500,881,3/31/17,Snacks,5,5
916,882,10/8/16,Tent,400,360
904,883,3/2/17,Shirt,50,36
282,884,5/1/18,Snacks,5,5
395,885,12/14/16,Pants,70,70
197,886,8/31/16,Pants,70,58.1
875,887,5/19/17,Jacket,80,56.8
693,888,10/30/17,Rope,20,17.2
212,889,3/29/17,Tent,400,400
144,890,6/15/18,Pants,70,51.8
300,891,12/28/17,Rope,20,20
546,892,5/1/18,Shirt,50,39
476,893,10/2/17,Tent,400,400
500,894,1/1/18,Snacks,5,3.55
562,895,8/21/16,Snacks,5,3.65
702,896,9/12/16,Rope,20,15.2
451,897,5/18/17,Tent,400,400
291,898,1/19/17,Pants,70,61.6
134,899,1/8/17,Sneakers,70,70
201,900,11/27/16,Hat,20,17.6
590,901,1/5/18,Sneakers,70,70
243,902,7/23/18,Pants,70,70
841,903,1/3/17,Snacks,5,4
109,904,9/21/16,Shirt,50,50
611,905,2/7/18,Pants,70,54.6
115,906,9/16/16,Pants,70,70
335,907,5/30/17,Jacket,80,80
940,908,6/10/18,Jacket,80,80
362,909,3/11/17,Shirt,50,50
262,910,5/15/18,Shirt,50,50
111,911,3/22/17,Shirt,50,38
137,912,7/26/18,Pants,70,49.7
356,913,8/3/18,Jacket,80,80
843,914,7/14/17,Sneakers,70,50.4
765,915,7/21/18,Sneakers,70,70
342,916,6/16/17,Snacks,5,3.95
806,917,5/9/18,Rope,20,20
81,918,5/29/18,Rope,20,20
518,919,11/3/17,Shirt,50,43
261,920,12/30/16,Pants,70,70
478,921,4/9/17,Shirt,50,50
405,922,6/13/18,Tent,400,400
779,923,6/11/18,Shirt,50,38.5
14,924,5/16/18,Pants,70,70
3,925,1/6/17,Hat,20,15.4
878,926,6/3/18,Tent,400,400
442,927,1/5/18,Hat,20,20
975,928,11/1/17,Jacket,80,80
806,929,7/26/17,Tent,400,400
702,930,12/5/16,Shirt,50,50
440,931,11/12/17,Rope,20,20
582,932,1/18/18,Pants,70,53.2
308,933,2/17/17,Hat,20,16.2
832,934,2/20/18,Shirt,50,40.5
389,935,12/29/16,Shirt,50,50
249,936,5/5/18,Pants,70,51.1
688,937,11/21/17,Rope,20,20
700,938,9/29/16,Jacket,80,68.8
200,939,5/7/17,Jacket,80,80
545,940,12/9/16,Hat,20,20
84,941,9/12/17,Rope,20,14.8
952,942,12/9/16,Tent,400,400
836,943,3/19/17,Pants,70,70
559,944,6/21/18,Pants,70,70
772,945,3/26/17,Sneakers,70,56
370,946,6/3/17,Pants,70,70
583,947,12/12/16,Pants,70,70
316,948,9/11/17,Rope,20,14
584,949,8/28/17,Shirt,50,39.5
727,950,4/21/18,Pants,70,61.6
373,951,1/23/17,Shirt,50,50
576,952,5/16/17,Sneakers,70,56.7
713,953,1/23/17,Sneakers,70,70
115,954,6/26/17,Sneakers,70,70
326,955,2/21/17,Sneakers,70,70
241,956,9/29/16,Hat,20,17.8
111,957,2/23/17,Shirt,50,50
669,958,2/18/17,Jacket,80,56
656,959,1/19/17,Shirt,50,50
93,960,6/13/17,Jacket,80,80
27,961,8/21/16,Sneakers,70,63
693,962,11/23/16,Hat,20,20
196,963,9/17/16,Snacks,5,5
145,964,2/19/18,Shirt,50,50
632,965,9/30/16,Shirt,50,50
816,966,8/2/18,Snacks,5,4.4
579,967,7/23/18,Sneakers,70,70
346,968,12/20/16,Jacket,80,66.4
155,969,1/9/17,Snacks,5,3.95
164,970,12/5/16,Sneakers,70,70
178,971,6/2/18,Hat,20,17.6
915,972,6/10/17,Tent,400,400
497,973,4/29/18,Jacket,80,70.4
821,974,1/4/18,Sneakers,70,70
379,975,9/30/17,Pants,70,70
743,976,11/10/17,Rope,20,17.6
418,977,11/6/17,Pants,70,70
359,978,8/14/18,Jacket,80,57.6
626,979,2/7/17,Hat,20,15.8
149,980,7/6/17,Jacket,80,66.4
91,981,10/28/16,Jacket,80,64
973,982,10/18/16,Sneakers,70,52.5
952,983,3/8/18,Jacket,80,72
124,984,2/16/18,Rope,20,15.4
709,985,5/17/17,Snacks,5,5
413,986,7/2/18,Pants,70,58.8
985,987,3/25/18,Shirt,50,40.5
417,988,11/28/17,Shirt,50,35.5
95,989,4/17/18,Snacks,5,5
1000,990,4/6/18,Hat,20,20
500,991,6/8/17,Jacket,80,80
234,992,3/24/18,Jacket,80,80
177,993,9/9/17,Sneakers,70,70
546,994,5/27/18,Jacket,80,58.4
278,995,9/2/17,Snacks,5,3.65
647,996,8/12/18,Rope,20,15
938,997,8/27/17,Shirt,50,50
214,998,3/13/17,Jacket,80,60
526,999,3/15/18,Hat,20,16.8
580,1000,11/18/16,Sneakers,70,70
158,1001,4/25/18,Snacks,5,3.95
855,1002,6/13/17,Jacket,80,80
439,1003,8/22/16,Sneakers,70,49.7
909,1004,9/13/17,Sneakers,70,70
997,1005,10/18/16,Jacket,80,61.6
556,1006,11/29/16,Snacks,5,3.85
540,1007,10/28/17,Rope,20,20
369,1008,1/29/17,Hat,20,17
527,1009,6/14/18,Shirt,50,50
856,1010,11/28/17,Snacks,5,5
656,1011,8/18/16,Rope,20,20
838,1012,4/29/17,Jacket,80,60.8
27,1013,1/16/17,Sneakers,70,51.8
336,1014,4/4/18,Shirt,50,50
58,1015,2/20/18,Snacks,5,3.9
409,1016,12/26/17,Snacks,5,5
1,1017,1/3/18,Pants,70,51.8
339,1018,7/5/18,Shirt,50,50
398,1019,6/30/17,Tent,400,356
942,1020,3/26/17,Rope,20,20
547,1021,12/26/16,Shirt,50,50
359,1022,10/21/17,Hat,20,15.2
625,1023,11/11/16,Pants,70,70
593,1024,4/18/17,Jacket,80,60.8
564,1025,7/7/18,Pants,70,62.3
507,1026,7/6/18,Snacks,5,4.15
646,1027,10/27/16,Sneakers,70,70
59,1028,6/23/18,Shirt,50,50
7,1029,6/1/17,Jacket,80,80
542,1030,9/19/17,Tent,400,356
649,1031,7/6/17,Hat,20,15.4
391,1032,3/6/17,Rope,20,14.4
567,1033,12/11/16,Shirt,50,35.5
973,1034,5/6/17,Pants,70,56.7
966,1035,2/18/17,Hat,20,18
676,1036,2/13/18,Snacks,5,5
373,1037,3/20/18,Hat,20,20
183,1038,6/14/17,Snacks,5,4.4
702,1039,2/12/17,Pants,70,56
812,1040,1/3/18,Hat,20,15.2
380,1041,5/18/17,Tent,400,400
455,1042,1/28/18,Tent,400,400
726,1043,1/9/18,Snacks,5,4.45
739,1044,2/12/18,Sneakers,70,70
115,1045,3/31/18,Shirt,50,50
33,1046,6/14/18,Rope,20,20
899,1047,10/13/16,Snacks,5,3.65
767,1048,8/9/18,Snacks,5,4
202,1049,8/26/16,Rope,20,20
862,1050,3/24/18,Snacks,5,5
132,1051,11/27/17,Shirt,50,50
507,1052,3/8/18,Jacket,80,60.8
586,1053,9/28/17,Pants,70,70
831,1054,6/9/17,Sneakers,70,60.9
20,1055,12/1/17,Hat,20,20
136,1056,10/7/16,Sneakers,70,58.1
720,1057,9/30/17,Shirt,50,50
82,1058,7/16/17,Pants,70,52.5
629,1059,11/17/17,Jacket,80,80
1000,1060,1/1/17,Jacket,80,64.8
53,1061,10/8/16,Rope,20,20
22,1062,10/16/16,Hat,20,16.8
204,1063,3/15/17,Hat,20,15.6
924,1064,11/24/17,Jacket,80,80
220,1065,5/25/17,Shirt,50,50
659,1066,7/17/17,Shirt,50,50
442,1067,10/2/16,Jacket,80,72
189,1068,4/7/18,Hat,20,20
836,1069,11/17/16,Snacks,5,3.95
369,1070,7/10/17,Jacket,80,80
448,1071,10/27/17,Tent,400,400
912,1072,3/2/18,Shirt,50,50
914,1073,9/15/17,Snacks,5,3.9
670,1074,1/1/18,Pants,70,49
620,1075,1/29/18,Shirt,50,50
941,1076,11/25/17,Jacket,80,60
187,1077,11/30/16,Pants,70,51.8
432,1078,2/13/18,Jacket,80,61.6
166,1079,6/26/18,Jacket,80,80
73,1080,10/19/16,Jacket,80,80
97,1081,6/23/18,Snacks,5,3.55
816,1082,2/18/17,Hat,20,20
918,1083,5/23/17,Hat,20,20
699,1084,5/16/18,Jacket,80,80
409,1085,4/3/18,Shirt,50,50
973,1086,10/1/16,Sneakers,70,59.5
296,1087,6/14/17,Pants,70,70
88,1088,9/28/17,Sneakers,70,51.1
576,1089,4/20/18,Jacket,80,62.4
296,1090,6/24/17,Pants,70,53.2
296,1091,8/21/16,Pants,70,70
544,1092,1/13/18,Shirt,50,50
999,1093,1/5/17,Jacket,80,71.2
390,1094,10/25/16,Hat,20,20
604,1095,1/13/18,Shirt,50,50
626,1096,11/7/17,Hat,20,20
126,1097,5/12/18,Sneakers,70,70
903,1098,10/17/16,Hat,20,20
866,1099,4/3/17,Shirt,50,50
193,1100,6/28/17,Rope,20,20
393,1101,8/18/17,Tent,400,284
296,1102,12/8/16,Jacket,80,65.6
239,1103,10/1/16,Tent,400,300
909,1104,8/12/18,Sneakers,70,52.5
273,1105,9/5/17,Tent,400,400
439,1106,3/17/17,Hat,20,14.4
344,1107,6/13/17,Tent,400,300
146,1108,12/14/16,Tent,400,304
134,1109,12/15/16,Pants,70,70
704,1110,11/15/16,Rope,20,14.2
683,1111,3/3/17,Snacks,5,5
897,1112,10/4/16,Pants,70,57.4
290,1113,12/28/16,Sneakers,70,70
867,1114,1/3/18,Snacks,5,5
538,1115,1/20/17,Hat,20,17.4
556,1116,3/23/17,Pants,70,70
367,1117,1/13/18,Jacket,80,70.4
901,1118,12/11/16,Hat,20,14.2
335,1119,11/24/16,Hat,20,20
372,1120,7/3/18,Snacks,5,4.4
536,1121,12/9/17,Tent,400,400
346,1122,4/5/17,Sneakers,70,70
769,1123,10/5/17,Tent,400,400
498,1124,9/12/17,Tent,400,400
687,1125,9/16/16,Hat,20,20
658,1126,10/6/17,Tent,400,320
762,1127,3/3/17,Jacket,80,67.2
895,1128,9/16/17,Hat,20,20
674,1129,1/28/18,Shirt,50,42.5
973,1130,10/11/17,Pants,70,70
743,1131,1/12/18,Pants,70,70
432,1132,8/20/16,Snacks,5,4.3
728,1133,1/1/17,Rope,20,20
251,1134,4/24/17,Sneakers,70,70
638,1135,7/3/17,Jacket,80,80
443,1136,3/30/17,Tent,400,400
759,1137,3/24/18,Snacks,5,4.45
502,1138,11/25/16,Pants,70,70
109,1139,10/23/16,Tent,400,400
677,1140,10/23/16,Tent,400,328
657,1141,9/30/17,Pants,70,70
536,1142,10/27/17,Tent,400,400
736,1143,7/19/17,Tent,400,308
501,1144,3/17/17,Snacks,5,5
741,1145,10/31/16,Tent,400,308
381,1146,9/16/16,Shirt,50,38.5
793,1147,2/21/17,Sneakers,70,56
70,1148,6/14/18,Tent,400,344
613,1149,3/11/18,Snacks,5,5
601,1150,10/17/17,Sneakers,70,70
59,1151,6/28/18,Sneakers,70,56
800,1152,11/19/17,Jacket,80,80
884,1153,3/10/17,Jacket,80,66.4
803,1154,12/26/16,Tent,400,300
165,1155,10/10/17,Snacks,5,5
103,1156,8/16/16,Hat,20,14
336,1157,11/15/16,Jacket,80,72
755,1158,8/31/16,Rope,20,20
262,1159,10/8/16,Tent,400,352
853,1160,6/5/18,Hat,20,20
265,1161,9/22/17,Jacket,80,80
879,1162,12/17/16,Jacket,80,71.2
792,1163,3/1/18,Jacket,80,80
664,1164,5/17/18,Jacket,80,80
72,1165,3/21/18,Tent,400,400
188,1166,3/21/18,Jacket,80,66.4
419,1167,9/3/17,Tent,400,400
818,1168,11/30/16,Sneakers,70,70
312,1169,2/20/17,Tent,400,308
99,1170,9/27/17,Pants,70,70
962,1171,9/19/17,Sneakers,70,59.5
324,1172,3/26/17,Hat,20,20
370,1173,2/16/17,Shirt,50,38
420,1174,4/29/18,Shirt,50,50
929,1175,7/29/17,Jacket,80,80
786,1176,3/24/17,Shirt,50,50
957,1177,12/20/17,Rope,20,16.8
96,1178,6/10/17,Tent,400,304
498,1179,6/13/17,Hat,20,15
606,1180,3/5/18,Pants,70,49
335,1181,12/16/17,Pants,70,51.1
46,1182,5/14/18,Sneakers,70,55.3
405,1183,4/21/18,Tent,400,308
840,1184,7/5/18,Tent,400,336
309,1185,1/8/17,Tent,400,336
498,1186,8/25/16,Jacket,80,56
886,1187,1/27/18,Rope,20,17.4
947,1188,1/2/17,Jacket,80,80
841,1189,4/12/17,Rope,20,15.6
421,1190,10/29/17,Jacket,80,57.6
423,1191,10/24/16,Jacket,80,66.4
374,1192,6/28/18,Sneakers,70,53.9
356,1193,8/25/16,Hat,20,20
574,1194,10/21/17,Tent,400,400
8,1195,5/14/17,Tent,400,400
8,1196,7/26/18,Snacks,5,3.85
538,1197,8/20/17,Jacket,80,69.6
744,1198,2/19/18,Rope,20,17.6
941,1199,9/5/16,Pants,70,70
441,1200,9/2/16,Rope,20,17
466,1201,8/16/16,Rope,20,20
260,1202,3/8/18,Sneakers,70,70
254,1203,10/11/17,Sneakers,70,63
872,1204,7/29/18,Hat,20,15
324,1205,3/23/18,Pants,70,50.4
575,1206,4/13/17,Shirt,50,43
144,1207,4/16/17,Rope,20,20
234,1208,8/21/16,Tent,400,320
807,1209,6/14/17,Pants,70,70
972,1210,1/18/17,Rope,20,20
139,1211,7/15/17,Jacket,80,80
691,1212,1/30/18,Hat,20,17.2
715,1213,3/5/18,Jacket,80,80
968,1214,7/24/18,Pants,70,50.4
883,1215,3/30/17,Shirt,50,43.5
85,1216,9/8/16,Snacks,5,3.95
867,1217,10/25/17,Hat,20,14.8
911,1218,3/24/18,Shirt,50,50
550,1219,4/22/17,Jacket,80,56.8
90,1220,6/8/17,Jacket,80,80
343,1221,6/20/18,Rope,20,20
647,1222,6/24/17,Jacket,80,72
343,1223,9/1/16,Jacket,80,69.6
204,1224,1/15/17,Tent,400,288
805,1225,11/30/17,Shirt,50,45
233,1226,5/23/17,Hat,20,20
481,1227,9/28/17,Hat,20,17.6
363,1228,2/13/18,Jacket,80,57.6
403,1229,9/12/17,Jacket,80,80
520,1230,3/30/17,Jacket,80,80
821,1231,12/29/17,Sneakers,70,57.4
324,1232,5/19/17,Rope,20,20
605,1233,2/24/17,Pants,70,57.4
492,1234,12/15/17,Jacket,80,68
296,1235,5/10/17,Pants,70,61.6
892,1236,6/18/18,Pants,70,70
727,1237,1/27/18,Rope,20,20
632,1238,6/10/17,Hat,20,17.4
35,1239,5/1/17,Pants,70,49.7
676,1240,3/17/17,Rope,20,20
227,1241,12/6/16,Sneakers,70,70
573,1242,4/17/18,Shirt,50,50
418,1243,3/1/18,Snacks,5,5
329,1244,10/14/16,Rope,20,14.8
849,1245,4/3/17,Tent,400,280
226,1246,8/6/18,Tent,400,400
131,1247,10/15/17,Shirt,50,50
976,1248,12/28/17,Tent,400,356
240,1249,3/6/18,Shirt,50,41
548,1250,8/5/18,Sneakers,70,55.3
274,1251,1/1/17,Snacks,5,5
906,1252,3/27/17,Hat,20,20
811,1253,6/14/17,Shirt,50,43
45,1254,7/23/18,Jacket,80,63.2
657,1255,11/20/16,Snacks,5,4.35
601,1256,12/16/16,Rope,20,20
700,1257,8/23/16,Tent,400,324
54,1258,8/6/17,Hat,20,16.4
803,1259,1/13/17,Shirt,50,50
86,1260,1/31/17,Hat,20,20
127,1261,10/9/16,Tent,400,400
865,1262,2/3/17,Jacket,80,69.6
481,1263,7/27/17,Sneakers,70,70
709,1264,12/7/17,Sneakers,70,54.6
601,1265,8/28/17,Shirt,50,50
411,1266,8/6/18,Hat,20,15
844,1267,9/18/17,Rope,20,20
718,1268,2/2/17,Sneakers,70,70
922,1269,8/31/16,Tent,400,348
69,1270,6/15/18,Pants,70,63
901,1271,5/29/18,Jacket,80,65.6
765,1272,2/23/18,Tent,400,304
443,1273,3/11/17,Rope,20,17.4
412,1274,11/27/16,Rope,20,15
354,1275,2/4/18,Jacket,80,68.8
648,1276,7/24/18,Jacket,80,80
640,1277,10/11/17,Snacks,5,5
992,1278,5/17/17,Rope,20,14.2
94,1279,1/5/18,Shirt,50,40
540,1280,3/4/18,Jacket,80,68.8
968,1281,12/1/17,Snacks,5,4.5
859,1282,12/2/16,Tent,400,400
146,1283,3/6/17,Sneakers,70,59.5
894,1284,12/6/17,Shirt,50,41
339,1285,4/6/17,Hat,20,17.4
274,1286,12/19/16,Jacket,80,80
45,1287,7/23/17,Tent,400,400
848,1288,3/7/18,Sneakers,70,70
254,1289,8/18/16,Tent,400,400
568,1290,11/10/16,Shirt,50,37.5
168,1291,9/13/17,Jacket,80,80
521,1292,2/7/18,Snacks,5,5
132,1293,5/22/18,Shirt,50,50
295,1294,12/17/16,Rope,20,20
679,1295,4/5/17,Hat,20,20
86,1296,4/19/18,Pants,70,52.5
867,1297,7/7/18,Pants,70,70
408,1298,1/26/18,Rope,20,20
618,1299,1/6/17,Snacks,5,5
90,1300,11/16/17,Hat,20,15.6
824,1301,4/25/17,Pants,70,61.6
291,1302,10/27/17,Sneakers,70,70
384,1303,3/28/18,Rope,20,15.2
820,1304,6/13/18,Rope,20,14.8
331,1305,12/12/16,Rope,20,17.2
210,1306,6/10/17,Tent,400,356
146,1307,12/15/16,Sneakers,70,51.1
522,1308,5/17/17,Tent,400,400
694,1309,9/27/17,Sneakers,70,61.6
782,1310,5/30/18,Sneakers,70,62.3
965,1311,6/21/18,Sneakers,70,70
905,1312,3/10/18,Hat,20,17.4
56,1313,11/11/16,Shirt,50,50
315,1314,11/7/17,Rope,20,20
553,1315,11/2/17,Snacks,5,5
539,1316,1/1/18,Jacket,80,61.6
308,1317,11/26/16,Rope,20,20
827,1318,1/2/18,Sneakers,70,61.6
279,1319,5/2/18,Hat,20,20
290,1320,7/24/18,Pants,70,60.9
355,1321,10/20/16,Jacket,80,80
18,1322,6/8/18,Shirt,50,50
726,1323,10/4/17,Jacket,80,80
865,1324,8/20/16,Rope,20,16.4
341,1325,7/21/18,Snacks,5,5
136,1326,10/9/16,Rope,20,15.6
708,1327,3/6/18,Tent,400,324
243,1328,12/23/16,Tent,400,400
1000,1329,9/11/16,Snacks,5,3.7
976,1330,4/7/18,Tent,400,312
45,1331,11/30/17,Pants,70,51.8
473,1332,10/24/17,Rope,20,18
221,1333,4/14/18,Jacket,80,65.6
973,1334,2/22/18,Jacket,80,80
899,1335,12/6/17,Shirt,50,50
591,1336,6/3/18,Sneakers,70,52.5
384,1337,11/13/17,Hat,20,20
367,1338,1/2/18,Sneakers,70,52.5
237,1339,5/21/17,Pants,70,61.6
315,1340,5/15/17,Sneakers,70,53.2
346,1341,8/17/17,Sneakers,70,70
732,1342,7/4/18,Snacks,5,5
2,1343,2/2/18,Snacks,5,4.15
831,1344,5/18/17,Tent,400,328
396,1345,5/5/17,Sneakers,70,70
419,1346,4/1/17,Tent,400,400
784,1347,4/14/18,Pants,70,70
332,1348,1/23/18,Sneakers,70,60.9
682,1349,5/19/18,Pants,70,70
116,1350,10/21/17,Jacket,80,63.2
710,1351,7/8/18,Hat,20,16.2
604,1352,9/2/17,Rope,20,16.8
388,1353,6/16/17,Shirt,50,50
74,1354,2/24/17,Tent,400,360
140,1355,3/10/17,Rope,20,20
942,1356,6/25/18,Hat,20,17
309,1357,6/29/17,Tent,400,400
530,1358,12/22/17,Shirt,50,45
385,1359,11/6/17,Sneakers,70,70
839,1360,10/8/17,Hat,20,16.8
902,1361,2/13/18,Sneakers,70,70
580,1362,3/23/18,Shirt,50,50
827,1363,4/20/17,Rope,20,20
759,1364,3/22/18,Snacks,5,5
777,1365,6/23/18,Tent,400,400
106,1366,10/19/17,Jacket,80,64.8
663,1367,3/24/18,Rope,20,16.8
336,1368,7/23/18,Snacks,5,5
535,1369,5/6/17,Pants,70,52.5
283,1370,1/27/18,Shirt,50,50
0,1371,6/25/18,Rope,20,20
280,1372,9/9/17,Jacket,80,80
891,1373,5/4/17,Hat,20,17.8
560,1374,3/4/18,Pants,70,70
93,1375,11/29/17,Hat,20,20
441,1376,3/1/17,Sneakers,70,70
324,1377,2/15/18,Rope,20,17.6
592,1378,5/27/17,Hat,20,20
7,1379,10/9/17,Snacks,5,5
726,1380,9/28/16,Snacks,5,3.55
831,1381,1/3/17,Pants,70,70
411,1382,10/3/16,Rope,20,20
896,1383,7/5/17,Snacks,5,5
907,1384,3/16/17,Pants,70,57.4
41,1385,1/23/18,Shirt,50,37.5
570,1386,12/17/17,Pants,70,70
394,1387,1/5/18,Snacks,5,5
176,1388,3/28/18,Jacket,80,56.8
782,1389,6/9/18,Tent,400,400
65,1390,9/30/17,Jacket,80,64.8
903,1391,10/6/17,Tent,400,316
415,1392,9/3/16,Jacket,80,56
88,1393,11/6/17,Shirt,50,50
258,1394,3/6/17,Snacks,5,4.15
697,1395,11/9/16,Pants,70,58.8
697,1396,7/29/18,Hat,20,14.8
568,1397,2/13/18,Tent,400,324
955,1398,6/1/17,Snacks,5,3.55
622,1399,10/29/17,Snacks,5,3.7
984,1400,11/25/17,Hat,20,20
919,1401,3/6/18,Pants,70,70
423,1402,6/11/18,Tent,400,400
236,1403,5/18/18,Pants,70,70
896,1404,1/3/18,Sneakers,70,70
745,1405,7/4/18,Sneakers,70,55.3
870,1406,3/14/18,Tent,400,400
511,1407,12/1/17,Shirt,50,50
543,1408,8/7/17,Rope,20,16
50,1409,5/31/18,Hat,20,15.2
544,1410,4/7/18,Hat,20,20
617,1411,10/23/17,Pants,70,70
94,1412,1/25/17,Rope,20,20
149,1413,7/3/17,Rope,20,20
772,1414,3/4/18,Hat,20,16.2
248,1415,6/14/17,Jacket,80,80
637,1416,3/15/17,Snacks,5,5
571,1417,10/27/16,Tent,400,344
354,1418,8/6/17,Jacket,80,80
636,1419,11/26/16,Jacket,80,69.6
21,1420,3/22/18,Shirt,50,50
379,1421,12/12/17,Jacket,80,61.6
237,1422,11/30/16,Tent,400,348
825,1423,11/1/16,Snacks,5,3.75
662,1424,8/16/17,Jacket,80,80
785,1425,5/10/17,Tent,400,400
952,1426,2/16/18,Snacks,5,5
301,1427,5/6/17,Hat,20,16.8
495,1428,8/30/16,Jacket,80,61.6
372,1429,11/30/17,Hat,20,20
363,1430,10/17/17,Rope,20,14.2
373,1431,5/26/17,Hat,20,18
286,1432,4/20/18,Snacks,5,5
905,1433,2/15/17,Rope,20,14.8
800,1434,9/30/17,Tent,400,324
620,1435,8/23/16,Shirt,50,45
39,1436,8/23/16,Hat,20,20
16,1437,11/3/16,Sneakers,70,56.7
980,1438,2/26/17,Hat,20,20
322,1439,6/29/17,Rope,20,20
216,1440,6/25/18,Pants,70,70
700,1441,6/17/17,Tent,400,400
932,1442,7/8/17,Hat,20,15.8
394,1443,1/7/17,Shirt,50,38.5
937,1444,4/9/17,Rope,20,16.8
541,1445,11/3/16,Shirt,50,50
791,1446,9/4/17,Snacks,5,3.9
845,1447,9/5/17,Shirt,50,44
701,1448,11/4/17,Rope,20,20
914,1449,4/21/18,Hat,20,15.4
159,1450,4/10/17,Shirt,50,38.5
407,1451,6/4/18,Sneakers,70,60.9
846,1452,12/22/16,Jacket,80,80
425,1453,5/2/17,Sneakers,70,70
869,1454,5/6/17,Pants,70,58.8
118,1455,2/16/17,Shirt,50,43.5
447,1456,7/28/17,Sneakers,70,70
777,1457,4/5/17,Sneakers,70,54.6
535,1458,11/2/16,Snacks,5,3.95
113,1459,9/20/16,Sneakers,70,70
22,1460,4/2/18,Rope,20,20
902,1461,10/30/16,Shirt,50,39.5
516,1462,9/10/16,Rope,20,20
38,1463,5/22/18,Jacket,80,68.8
787,1464,11/20/17,Rope,20,20
702,1465,3/20/18,Pants,70,52.5
518,1466,12/30/17,Pants,70,62.3
457,1467,3/1/17,Pants,70,70
103,1468,8/18/17,Shirt,50,50
465,1469,8/11/18,Snacks,5,5
860,1470,3/6/18,Shirt,50,50
582,1471,4/2/17,Shirt,50,45
62,1472,5/25/18,Rope,20,18
117,1473,12/24/16,Jacket,80,57.6
742,1474,6/28/18,Pants,70,56
453,1475,6/16/17,Snacks,5,5
799,1476,8/9/18,Pants,70,53.2
110,1477,7/3/17,Rope,20,20
749,1478,4/11/17,Pants,70,70
833,1479,6/7/18,Pants,70,58.8
732,1480,12/26/16,Tent,400,400
994,1481,1/24/17,Sneakers,70,55.3
985,1482,11/28/16,Sneakers,70,53.2
752,1483,4/4/18,Rope,20,20
1,1484,7/18/18,Hat,20,15.6
679,1485,10/26/16,Jacket,80,80
327,1486,4/25/18,Snacks,5,5
664,1487,9/23/17,Shirt,50,36.5
516,1488,4/1/18,Tent,400,336
933,1489,1/9/18,Jacket,80,80
438,1490,12/31/16,Shirt,50,45
377,1491,6/22/18,Rope,20,20
199,1492,9/5/16,Sneakers,70,60.9
118,1493,8/22/16,Snacks,5,5
482,1494,6/21/17,Jacket,80,57.6
178,1495,1/2/17,Rope,20,20
673,1496,10/19/17,Pants,70,58.8
383,1497,5/7/18,Rope,20,14.4
704,1498,6/23/18,Snacks,5,4.4
775,1499,1/11/17,Sneakers,70,70
355,1500,6/26/18,Tent,400,400
509,1501,6/28/18,Tent,400,348
454,1502,9/14/16,Shirt,50,50
461,1503,3/6/18,Rope,20,20
979,1504,11/9/16,Hat,20,20
190,1505,3/21/17,Hat,20,14.6
505,1506,5/23/17,Pants,70,70
445,1507,6/1/17,Tent,400,280
2,1508,10/8/17,Pants,70,53.2
237,1509,5/27/17,Sneakers,70,70
657,1510,1/19/17,Sneakers,70,70
537,1511,10/10/17,Rope,20,14.4
802,1512,11/29/16,Snacks,5,5
902,1513,1/9/17,Sneakers,70,70
417,1514,3/15/17,Snacks,5,5
94,1515,10/13/16,Pants,70,70
488,1516,2/7/17,Pants,70,70
667,1517,1/22/17,Pants,70,70
943,1518,3/12/18,Tent,400,316
629,1519,7/12/17,Tent,400,300
702,1520,7/10/17,Pants,70,61.6
997,1521,12/5/17,Shirt,50,50
214,1522,4/16/18,Tent,400,400
371,1523,6/3/17,Sneakers,70,70
521,1524,6/28/18,Jacket,80,58.4
166,1525,3/27/18,Tent,400,316
594,1526,1/4/18,Shirt,50,35.5
914,1527,2/9/18,Hat,20,20
991,1528,5/31/18,Sneakers,70,70
7,1529,6/6/17,Shirt,50,45
956,1530,12/30/16,Hat,20,20
663,1531,9/23/16,Shirt,50,41
87,1532,3/28/17,Sneakers,70,51.1
184,1533,2/18/18,Snacks,5,5
485,1534,1/19/18,Hat,20,16.6
71,1535,5/26/18,Hat,20,16.4
475,1536,12/8/16,Rope,20,20
139,1537,9/30/16,Hat,20,20
286,1538,11/7/17,Shirt,50,42.5
975,1539,3/28/17,Hat,20,16.2
328,1540,11/22/17,Rope,20,20
941,1541,8/24/16,Shirt,50,36.5
133,1542,5/6/18,Hat,20,17.6
874,1543,12/9/17,Shirt,50,36.5
357,1544,8/29/16,Hat,20,20
615,1545,9/24/17,Jacket,80,56
134,1546,10/13/17,Tent,400,400
846,1547,6/17/18,Tent,400,292
977,1548,2/16/17,Rope,20,20
891,1549,2/10/18,Jacket,80,61.6
398,1550,8/18/17,Sneakers,70,70
366,1551,6/19/18,Jacket,80,80
3,1552,10/30/17,Jacket,80,80
787,1553,5/29/17,Jacket,80,60
968,1554,12/1/17,Hat,20,20
831,1555,1/28/18,Pants,70,60.2
123,1556,1/6/18,Sneakers,70,60.2
865,1557,2/6/18,Hat,20,16
788,1558,6/16/18,Tent,400,400
950,1559,6/5/18,Jacket,80,80
131,1560,7/5/18,Jacket,80,80
236,1561,4/12/17,Jacket,80,80
88,1562,7/21/18,Tent,400,400
690,1563,7/6/18,Rope,20,20
249,1564,8/6/18,Pants,70,50.4
109,1565,6/23/18,Shirt,50,50
306,1566,7/31/17,Pants,70,70
153,1567,11/18/16,Sneakers,70,52.5
455,1568,1/13/18,Shirt,50,50
536,1569,11/14/17,Sneakers,70,50.4
970,1570,6/8/18,Jacket,80,59.2
578,1571,11/23/16,Jacket,80,80
478,1572,4/23/17,Snacks,5,5
900,1573,5/15/17,Jacket,80,80
78,1574,7/26/17,Hat,20,15.4
995,1575,5/15/18,Sneakers,70,54.6
274,1576,11/29/17,Pants,70,70
704,1577,12/28/16,Pants,70,58.1
921,1578,12/4/17,Shirt,50,50
856,1579,4/7/17,Pants,70,70
921,1580,6/8/17,Sneakers,70,70
21,1581,10/30/16,Pants,70,56.7
364,1582,9/8/17,Sneakers,70,56
588,1583,9/20/16,Snacks,5,3.75
203,1584,12/30/17,Sneakers,70,51.8
520,1585,11/2/16,Sneakers,70,70
185,1586,1/23/17,Sneakers,70,70
183,1587,11/28/16,Hat,20,17.6
600,1588,7/4/17,Snacks,5,5
81,1589,6/4/18,Shirt,50,50
776,1590,1/23/18,Snacks,5,4.2
366,1591,11/8/17,Pants,70,50.4
686,1592,10/15/16,Rope,20,20
279,1593,7/17/18,Jacket,80,80
553,1594,11/18/17,Pants,70,54.6
836,1595,3/11/18,Pants,70,63
526,1596,1/24/18,Pants,70,70
124,1597,8/3/18,Hat,20,20
658,1598,10/17/16,Pants,70,55.3
15,1599,7/18/17,Shirt,50,36.5
378,1600,4/3/17,Rope,20,20
391,1601,2/5/17,Hat,20,15.2
9,1602,5/29/17,Sneakers,70,61.6
205,1603,5/30/17,Rope,20,14.8
885,1604,12/13/17,Tent,400,316
840,1605,11/10/16,Hat,20,20
341,1606,2/21/18,Pants,70,70
320,1607,8/9/17,Hat,20,18
36,1608,3/24/17,Pants,70,56
795,1609,5/14/18,Jacket,80,80
404,1610,12/13/16,Snacks,5,3.6
381,1611,7/6/17,Shirt,50,50
268,1612,11/27/17,Rope,20,14.2
278,1613,3/2/17,Hat,20,20
252,1614,9/5/17,Pants,70,70
105,1615,3/13/17,Pants,70,70
391,1616,6/3/18,Hat,20,20
123,1617,6/28/18,Pants,70,61.6
491,1618,10/21/16,Shirt,50,35.5
891,1619,1/4/18,Snacks,5,5
996,1620,12/25/17,Snacks,5,5
949,1621,3/2/18,Hat,20,14.4
772,1622,8/5/17,Sneakers,70,56.7
539,1623,1/24/17,Sneakers,70,70
196,1624,4/16/18,Tent,400,348
401,1625,6/18/18,Jacket,80,80
718,1626,7/11/17,Pants,70,49
981,1627,8/10/18,Shirt,50,50
584,1628,11/11/16,Shirt,50,50
329,1629,2/17/17,Tent,400,288
534,1630,12/31/16,Rope,20,16.8
397,1631,1/2/18,Sneakers,70,70
601,1632,6/9/17,Pants,70,56.7
689,1633,6/6/17,Rope,20,20
163,1634,5/27/18,Pants,70,49.7
870,1635,5/20/18,Pants,70,60.9
116,1636,9/18/16,Pants,70,70
179,1637,6/12/18,Sneakers,70,70
930,1638,12/24/16,Tent,400,400
856,1639,1/27/18,Rope,20,15
965,1640,1/19/17,Sneakers,70,51.1
405,1641,11/6/17,Jacket,80,80
289,1642,2/13/17,Snacks,5,3.65
656,1643,6/12/17,Rope,20,14.8
319,1644,5/10/17,Shirt,50,35
654,1645,6/3/17,Sneakers,70,49
578,1646,6/15/18,Rope,20,14
761,1647,6/12/17,Snacks,5,3.7
523,1648,5/7/17,Rope,20,14
203,1649,11/29/17,Snacks,5,5
969,1650,11/25/17,Rope,20,20
804,1651,8/26/16,Sneakers,70,63
200,1652,1/25/17,Rope,20,17.4
561,1653,7/16/18,Tent,400,400
830,1654,5/9/17,Jacket,80,65.6
685,1655,12/30/16,Sneakers,70,61.6
473,1656,1/1/17,Sneakers,70,70
861,1657,12/4/17,Rope,20,20
977,1658,9/10/16,Tent,400,340
992,1659,1/22/17,Hat,20,16.2
216,1660,2/3/18,Jacket,80,56.8
695,1661,3/14/17,Jacket,80,72
494,1662,2/18/18,Sneakers,70,70
673,1663,5/29/17,Tent,400,400
491,1664,8/31/17,Pants,70,70
154,1665,4/25/17,Pants,70,70
96,1666,6/13/17,Pants,70,58.1
945,1667,7/23/17,Jacket,80,66.4
608,1668,2/17/18,Jacket,80,72
859,1669,1/18/18,Rope,20,20
62,1670,12/21/16,Hat,20,20
978,1671,8/21/16,Jacket,80,80
9,1672,10/4/16,Pants,70,49
567,1673,4/15/17,Jacket,80,62.4
509,1674,12/25/17,Snacks,5,3.5
826,1675,2/14/17,Snacks,5,5
965,1676,2/9/17,Tent,400,344
181,1677,12/1/16,Rope,20,15
920,1678,7/4/18,Hat,20,20
814,1679,1/13/18,Sneakers,70,70
312,1680,7/1/17,Hat,20,15.2
465,1681,9/2/16,Tent,400,400
618,1682,6/23/18,Rope,20,17.8
397,1683,10/29/16,Hat,20,20
907,1684,5/14/18,Sneakers,70,58.1
168,1685,5/9/18,Jacket,80,80
782,1686,4/8/18,Jacket,80,80
43,1687,7/18/17,Rope,20,17
992,1688,12/3/16,Tent,400,344
861,1689,11/18/17,Sneakers,70,57.4
337,1690,3/7/18,Jacket,80,61.6
494,1691,7/26/17,Hat,20,20
377,1692,6/11/17,Shirt,50,41
738,1693,10/15/16,Jacket,80,80
334,1694,3/25/18,Shirt,50,50
179,1695,4/18/18,Snacks,5,3.95
979,1696,4/1/17,Pants,70,70
28,1697,8/4/17,Jacket,80,80
467,1698,4/5/18,Snacks,5,3.95
946,1699,2/9/17,Snacks,5,5
836,1700,4/29/17,Shirt,50,50
371,1701,9/19/16,Jacket,80,67.2
757,1702,1/17/18,Jacket,80,70.4
438,1703,9/5/17,Snacks,5,3.75
389,1704,3/13/17,Rope,20,15.8
131,1705,10/27/16,Sneakers,70,70
860,1706,7/31/17,Rope,20,15.6
888,1707,1/19/17,Shirt,50,50
277,1708,11/7/17,Jacket,80,70.4
520,1709,2/21/17,Pants,70,51.8
462,1710,9/19/16,Rope,20,16.6
109,1711,3/2/17,Shirt,50,39.5
758,1712,1/4/18,Jacket,80,80
727,1713,3/2/17,Pants,70,70
500,1714,10/29/16,Tent,400,316
723,1715,7/18/17,Snacks,5,3.8
800,1716,11/25/17,Tent,400,400
607,1717,2/15/18,Pants,70,59.5
971,1718,9/7/16,Shirt,50,50
257,1719,1/12/17,Tent,400,324
323,1720,7/30/17,Snacks,5,5
182,1721,1/21/18,Hat,20,20
392,1722,7/18/17,Tent,400,348
600,1723,9/2/17,Pants,70,70
975,1724,5/14/17,Snacks,5,3.65
3,1725,9/10/16,Hat,20,20
780,1726,12/17/16,Shirt,50,50
346,1727,5/18/17,Shirt,50,38.5
736,1728,3/10/17,Shirt,50,40.5
533,1729,4/3/18,Rope,20,20
431,1730,3/20/18,Hat,20,20
367,1731,12/17/17,Hat,20,14.4
915,1732,3/9/17,Snacks,5,5
298,1733,7/1/18,Tent,400,400
426,1734,10/18/17,Jacket,80,80
717,1735,8/13/17,Shirt,50,50
780,1736,7/28/18,Sneakers,70,70
271,1737,11/15/16,Pants,70,55.3
508,1738,10/4/17,Sneakers,70,59.5
931,1739,8/1/18,Jacket,80,80
439,1740,8/10/18,Snacks,5,3.9
486,1741,7/30/17,Snacks,5,5
37,1742,2/8/18,Shirt,50,50
880,1743,6/22/18,Pants,70,70
543,1744,12/18/17,Hat,20,17.6
77,1745,4/7/17,Rope,20,20
650,1746,4/23/17,Tent,400,400
736,1747,3/11/17,Sneakers,70,70
322,1748,12/17/17,Snacks,5,5
138,1749,1/23/18,Rope,20,18
501,1750,10/8/16,Sneakers,70,70
670,1751,10/12/17,Sneakers,70,70
983,1752,8/29/16,Rope,20,17.6
195,1753,1/29/18,Hat,20,14.2
904,1754,8/6/18,Rope,20,16.2
345,1755,8/27/16,Hat,20,16.6
513,1756,8/14/18,Shirt,50,50
339,1757,3/12/18,Sneakers,70,70
124,1758,3/28/18,Snacks,5,3.95
212,1759,7/23/18,Hat,20,17.2
418,1760,10/8/16,Tent,400,328
864,1761,7/9/17,Hat,20,20
598,1762,8/20/16,Jacket,80,80
436,1763,5/7/18,Jacket,80,64
477,1764,10/19/16,Tent,400,344
46,1765,1/24/18,Hat,20,18
614,1766,8/20/16,Hat,20,14.6
874,1767,8/22/17,Hat,20,20
180,1768,9/21/17,Hat,20,15.8
177,1769,6/25/18,Shirt,50,50
20,1770,7/15/17,Tent,400,336
241,1771,4/20/18,Shirt,50,50
165,1772,9/23/16,Tent,400,400
503,1773,12/4/17,Tent,400,312
605,1774,1/11/17,Rope,20,15
560,1775,4/20/18,Pants,70,56.7
138,1776,10/4/16,Jacket,80,72
814,1777,2/21/18,Hat,20,20
98,1778,7/31/18,Pants,70,70
322,1779,11/9/17,Rope,20,15
785,1780,1/15/17,Jacket,80,80
623,1781,11/14/16,Tent,400,400
794,1782,11/27/17,Snacks,5,5
61,1783,5/3/17,Shirt,50,43
559,1784,7/24/18,Sneakers,70,70
7,1785,12/22/17,Rope,20,14.2
173,1786,6/2/18,Tent,400,320
449,1787,6/14/17,Shirt,50,50
149,1788,9/11/17,Pants,70,70
733,1789,1/4/18,Pants,70,52.5
944,1790,7/22/18,Tent,400,400
134,1791,7/1/17,Rope,20,20
847,1792,8/25/17,Snacks,5,5
739,1793,9/25/17,Tent,400,296
310,1794,8/14/18,Jacket,80,80
203,1795,10/1/17,Jacket,80,69.6
780,1796,8/14/18,Tent,400,400
527,1797,3/1/17,Shirt,50,41.5
595,1798,1/9/17,Rope,20,16.4
718,1799,3/9/17,Hat,20,20
452,1800,7/19/18,Jacket,80,80
841,1801,2/25/18,Jacket,80,60.8
910,1802,3/31/17,Jacket,80,80
24,1803,4/5/17,Hat,20,14.4
386,1804,8/19/16,Sneakers,70,58.8
56,1805,12/28/17,Hat,20,17.6
764,1806,5/23/17,Shirt,50,50
374,1807,9/30/17,Sneakers,70,70
965,1808,11/28/16,Shirt,50,50
706,1809,6/14/18,Pants,70,56.7
937,1810,12/10/16,Pants,70,70
450,1811,2/5/18,Pants,70,57.4
532,1812,12/3/16,Rope,20,14.4
896,1813,5/16/18,Rope,20,20
1,1814,3/18/18,Hat,20,20
461,1815,9/20/17,Shirt,50,50
575,1816,11/11/17,Rope,20,16.2
214,1817,3/3/17,Sneakers,70,70
341,1818,9/17/16,Rope,20,15.2
248,1819,5/3/18,Tent,400,400
769,1820,5/25/17,Snacks,5,5
882,1821,4/8/17,Jacket,80,80
911,1822,1/12/18,Hat,20,15.4
736,1823,7/16/17,Jacket,80,68
665,1824,4/19/17,Hat,20,16.6
403,1825,11/27/17,Shirt,50,41
145,1826,10/7/17,Snacks,5,5
250,1827,11/26/17,Jacket,80,72
600,1828,10/31/17,Hat,20,16
196,1829,8/29/17,Shirt,50,50
812,1830,2/8/17,Rope,20,14
109,1831,1/13/17,Hat,20,20
280,1832,10/14/16,Shirt,50,39.5
213,1833,4/13/17,Sneakers,70,70
334,1834,11/8/17,Hat,20,20
850,1835,8/14/18,Snacks,5,5
615,1836,9/19/17,Pants,70,54.6
185,1837,11/28/16,Pants,70,60.2
987,1838,2/22/18,Shirt,50,50
236,1839,8/29/17,Snacks,5,5
691,1840,12/14/16,Tent,400,400
891,1841,10/1/16,Tent,400,400
641,1842,7/30/18,Jacket,80,64.8
458,1843,1/16/18,Sneakers,70,51.1
983,1844,10/3/16,Jacket,80,63.2
159,1845,6/7/18,Shirt,50,39.5
800,1846,9/8/17,Sneakers,70,70
608,1847,5/3/18,Rope,20,20
229,1848,9/3/16,Jacket,80,72
462,1849,5/4/18,Sneakers,70,70
130,1850,3/15/17,Rope,20,17
939,1851,4/22/18,Shirt,50,35.5
804,1852,6/25/17,Snacks,5,5
716,1853,7/1/17,Rope,20,20
95,1854,9/12/17,Shirt,50,44.5
339,1855,7/7/18,Tent,400,280
457,1856,7/14/18,Shirt,50,50
803,1857,3/2/18,Pants,70,70
369,1858,11/3/17,Rope,20,20
191,1859,11/14/17,Rope,20,15.6
662,1860,6/2/18,Hat,20,20
327,1861,11/10/16,Tent,400,308
663,1862,1/25/17,Pants,70,56
331,1863,12/15/17,Shirt,50,37.5
192,1864,5/30/18,Jacket,80,59.2
119,1865,7/6/17,Pants,70,53.9
592,1866,8/24/17,Sneakers,70,70
863,1867,6/22/17,Jacket,80,80
547,1868,1/13/17,Rope,20,17.4
531,1869,11/2/17,Rope,20,20
617,1870,3/12/18,Hat,20,20
609,1871,7/30/17,Tent,400,296
406,1872,3/23/17,Rope,20,20
761,1873,4/24/17,Shirt,50,50
880,1874,1/16/17,Rope,20,17.6
395,1875,11/28/17,Shirt,50,38
16,1876,12/6/16,Sneakers,70,70
245,1877,5/30/18,Hat,20,14.2
626,1878,1/11/18,Tent,400,400
400,1879,12/20/16,Sneakers,70,70
175,1880,11/2/16,Rope,20,15.8
397,1881,5/10/17,Shirt,50,50
840,1882,5/12/17,Sneakers,70,70
994,1883,3/7/18,Snacks,5,3.55
380,1884,11/24/16,Shirt,50,50
744,1885,11/4/17,Tent,400,348
304,1886,1/9/18,Tent,400,284
146,1887,4/17/18,Tent,400,400
176,1888,2/28/17,Rope,20,16.8
969,1889,5/6/17,Snacks,5,4.4
481,1890,12/22/16,Jacket,80,80
787,1891,8/8/18,Hat,20,20
763,1892,12/21/16,Sneakers,70,70
692,1893,12/17/16,Shirt,50,35
774,1894,12/11/16,Pants,70,70
615,1895,5/11/18,Pants,70,59.5
591,1896,10/12/16,Shirt,50,50
290,1897,7/20/17,Shirt,50,43
102,1898,5/31/18,Sneakers,70,57.4
464,1899,7/21/17,Sneakers,70,50.4
348,1900,3/7/18,Jacket,80,69.6
248,1901,7/5/18,Rope,20,20
326,1902,3/8/18,Tent,400,400
78,1903,6/2/18,Jacket,80,80
9,1904,11/19/17,Rope,20,15
829,1905,2/3/18,Hat,20,16.4
377,1906,6/10/18,Jacket,80,57.6
360,1907,2/5/18,Sneakers,70,70
678,1908,1/31/17,Snacks,5,5
513,1909,5/27/17,Rope,20,20
277,1910,11/18/17,Tent,400,400
430,1911,8/7/17,Tent,400,400
485,1912,4/10/18,Shirt,50,50
400,1913,9/18/16,Shirt,50,35.5
290,1914,10/18/16,Sneakers,70,70
151,1915,9/26/17,Hat,20,18
298,1916,10/31/17,Jacket,80,58.4
525,1917,2/8/18,Rope,20,20
873,1918,3/8/18,Hat,20,14
449,1919,5/6/18,Rope,20,20
305,1920,7/29/18,Hat,20,20
94,1921,7/1/17,Jacket,80,63.2
123,1922,7/8/18,Sneakers,70,70
695,1923,6/4/17,Pants,70,70
712,1924,2/14/17,Snacks,5,4
822,1925,7/30/17,Hat,20,20
691,1926,5/9/17,Sneakers,70,61.6
589,1927,4/28/17,Pants,70,63
826,1928,9/29/17,Shirt,50,50
137,1929,1/20/18,Pants,70,52.5
435,1930,3/23/17,Pants,70,55.3
970,1931,9/27/17,Tent,400,316
189,1932,3/23/18,Snacks,5,5
242,1933,11/19/16,Tent,400,336
702,1934,12/1/17,Pants,70,56
537,1935,3/12/17,Snacks,5,4.05
637,1936,2/16/18,Shirt,50,50
622,1937,2/12/18,Shirt,50,50
13,1938,3/17/17,Sneakers,70,55.3
398,1939,5/31/17,Rope,20,20
0,1940,12/12/17,Tent,400,400
996,1941,9/4/16,Jacket,80,59.2
159,1942,8/31/16,Tent,400,400
4,1943,5/22/17,Snacks,5,5
112,1944,6/5/18,Sneakers,70,51.1
550,1945,11/12/16,Hat,20,17
412,1946,11/17/17,Shirt,50,40.5
462,1947,10/19/17,Sneakers,70,57.4
487,1948,12/4/17,Jacket,80,60
725,1949,6/30/18,Jacket,80,80
357,1950,2/10/17,Sneakers,70,60.9
365,1951,8/3/17,Pants,70,70
519,1952,11/29/17,Shirt,50,43
899,1953,7/21/17,Tent,400,400
212,1954,2/3/17,Tent,400,400
89,1955,8/16/16,Sneakers,70,60.2
971,1956,8/26/16,Jacket,80,80
945,1957,8/27/17,Hat,20,20
291,1958,3/25/18,Snacks,5,4.4
594,1959,6/3/17,Sneakers,70,53.2
156,1960,3/19/17,Pants,70,60.9
213,1961,8/2/18,Jacket,80,62.4
268,1962,1/27/17,Sneakers,70,61.6
9,1963,11/29/17,Pants,70,52.5
261,1964,1/10/17,Sneakers,70,56.7
633,1965,3/10/17,Shirt,50,44.5
366,1966,6/27/17,Pants,70,60.9
933,1967,10/11/16,Snacks,5,4.35
426,1968,12/29/16,Snacks,5,5
965,1969,11/1/17,Hat,20,14.2
240,1970,6/3/17,Rope,20,17.4
785,1971,1/2/18,Rope,20,20
83,1972,5/5/17,Rope,20,20
324,1973,10/9/17,Snacks,5,5
714,1974,9/9/16,Rope,20,18
935,1975,11/27/17,Rope,20,20
709,1976,10/15/17,Sneakers,70,49
686,1977,1/25/17,Snacks,5,5
386,1978,4/16/17,Shirt,50,50
627,1979,6/6/17,Snacks,5,4.25
808,1980,7/21/17,Sneakers,70,70
932,1981,9/3/17,Jacket,80,80
458,1982,6/3/17,Jacket,80,80
9,1983,4/12/17,Shirt,50,42
984,1984,12/15/17,Snacks,5,4.4
379,1985,4/9/17,Sneakers,70,70
134,1986,7/20/17,Pants,70,70
901,1987,8/9/18,Snacks,5,4.4
826,1988,3/3/18,Rope,20,15.8
207,1989,3/29/17,Jacket,80,60.8
658,1990,6/25/17,Tent,400,356
907,1991,10/21/16,Sneakers,70,58.8
261,1992,1/9/18,Shirt,50,50
452,1993,6/18/17,Pants,70,70
283,1994,12/30/17,Rope,20,18
994,1995,7/6/18,Tent,400,296
584,1996,12/22/16,Rope,20,20
853,1997,6/14/17,Snacks,5,5
70,1998,9/14/16,Snacks,5,3.5
614,1999,4/3/18,Hat,20,16.4
203,2000,1/21/18,Shirt,50,50